Belleville Park,Community Park,1300 S. Mayflower Road,South Bend,Indiana,46619,41.66003226000049,-86.32198280299968,,7,2,0,0,2,0
Blackthorn Golf Course,Golf Course,6100 Nimtz Parkway,South Bend,Indiana,46628,41.72254377100046,-86.33406577499966,,0,0,1,0,0,0
Boehm Park,Community Park,3205 Edison Road,South Bend,Indiana,46617,41.694669059000034,-86.20279481199998,,2,2,0,0,4,0
Boland Park,Community Park,3000 Bendix,South Bend,Indiana,46628,41.70800951800004,-86.30776964199998,,2,1,0,1,2,0
Booth Tarkington,Neighborhood Park,1722 Rerick Drive,South Bend,Indiana,46635,41.69871230300049,-86.20190786599966,,1,0,0,4,0,0
Bowman Cemetery,Cemetery,1700 S. Miami Street,South Bend,Indiana,46613,41.65777328200005,-86.23495205399996,,0,0,0,0,0,0
Brownfield Park,Block Park,1022 Angela Blvd,South Bend,Indiana,46616,41.69323166000049,-86.26449754599969,,0,0.5,0,0,0,0
City Cemetery,Cemetery,214 Elm Street,South Bend,Indiana,46616,41.67766498600048,-86.26776489199966,,0,0,0,0,0,0
Coquillard Park,Neighborhood Park,1300 Campaeu,South Bend,Indiana,46617,41.68598225900007,-86.23081651199999,,0,0.5,0,0,2,0
East Race Trail,Special,935 Niles,South Bend,Indiana,46617,41.68411374800047,-86.23649851699969,,0,0,0,0,0,0
East Race Waterway,Community Park,126 N. Niles,South Bend,Indiana,46617,41.67740127900004,-86.24432328899996,,0,0,0,0,0,0
Edison Park,Neighborhood Park,2400 Rockne Dr,South Bend,Indiana,46615,41.68932081300005,-86.21338156199994,,0,0,0,0,2,0
Elbel Golf Course,Golf Course,26595 Auten Road,South Bend,Indiana,46628,41.74452579300049,-86.38303277099965,,0,0,1,0,0,0
Erskine Golf Course,Golf Course,4200 Miami Road,South Bend,Indiana,46614,41.63237676200049,-86.23474588899967,,0,0,1,0,0,0
Four Winds Field,Community Park,301 W. South St.,South Bend,Indiana,46601,41.66959830800005,-86.25358006499994,,1,0,0,0,0,0
Fredrickson Park,Neighborhood Park,1330 South Bend Avenue,South Bend,Indiana,46617,41.6905863180005,-86.23014733899964,,0,0,0,0,0,0
Fremont Park,Block Park,1800 North Fremont Street,South Bend,Indiana,46628,41.6993638400005,-86.28497231499966,,0,0,0,0,0,0
Gwen Stiver Memorial Park,Block Park,230 Michigan Street,South Bend,Indiana,46601,41.67402073700049,-86.25030000399966,,0,0,0,0,0,0
Helman Mini Park,Block Park,1118 Helmen,South Bend,Indiana,46615,41.689879903000076,-86.20093430999998,,0,0,0,0,0,0
Howard Park,Neighborhood Park,219 S. St. Louis Blvd,South Bend,Indiana,46617,41.67855932200007,-86.24143682299996,,0,0,0,0,0,0
Jon Hunt Memorial Plaza,Memorial,214 Michigan Street,South Bend,Indiana,46601,41.67831068400045,-86.25045095399969,,0,0,0,0,0,0
Keller Park,Neighborhood Park,1935 Riverside Drive,South Bend,Indiana,46616,41.70278013500007,-86.26042586099999,,1,0,0,0,4,0
Kelly Park,Block Park,718 Howard Street,South Bend,Indiana,46617,41.68843302800008,-86.24057544099998,,0,0.5,0,0,0,0
Kennedy Park,Community Park,2700 Westmoor Street,South Bend,Indiana,46628,41.68467464800045,-86.28838583299967,,1,0.5,0,0,0,0
LaSalle Landing Park,Block Park,2800 Portage,South Bend,Indiana,46619,41.66817885200004,-86.32130867999996,,0,0,0,0,0,0
LaSalle Park,Community Park,3419 W. Washington,South Bend,Indiana,46619,41.675609146000056,-86.29558580599996,,0,2,0,1,2,0
Leeper Park,Community Park,820 N. Michigan St.,South Bend,Indiana,46616,41.68530211500007,-86.25049424399998,,0,0,0,1,15,0
Lincoln Plaza Mini Park,Block Park,1601 Ryer St.,South Bend,Indiana,46628,41.69606624900007,-86.29728166299998,,0,0,0,0,0,0
Marshall Park,Neighborhood Park,3725 Springbrook,South Bend,Indiana,46614,41.63666075300006,-86.22310960499999,,2,0,0,2,4,0
Martin Luther King Jr.,Neighborhood Park,1522 W. Linden Avenue,South Bend,Indiana,46628,41.67938320400003,-86.27417084499996,,1,4,0,0,0,0
Muessel Grove Park,Neighborhood Park,1200 Wilbur Street,South Bend,Indiana,46628,41.69094202300005,-86.27398315899995,,2,1,0,0,0,0
Newman Recreation Center,Neighborhood Park,727 S. Eddy St.,South Bend,Indiana,46615,41.68508008500004,-86.23537697299997,,0,0,0,0,0,0
Nokomis Park,Block Park,310 Wakewa,South Bend,Indiana,46617,41.69005327200006,-86.25416943199997,,0,0,0,0,0,0
Northside Blvd. Riverwalk,Community Park,1350 Northside Blvd,South Bend,Indiana,46617,41.66133958500046,-86.22912509399964,,0,0,0,0,0,0
O'Brien Park,Neighborhood Park,321 Walter Street,South Bend,Indiana,46614,41.63101198200047,-86.24687887099964,,0,0,0,2,0,0
Parkovash Park,Block Park,215 Parkovash Avenue,South Bend,Indiana,46617,41.69207437700004,-86.25274700299997,,0,0,0,0,0,0
Pier Park,Block Park,124 N. St. Joseph Street,South Bend,Indiana,46601,41.67679989700008,-86.24872927799998,,0,0,0,0,0,0
Pinhook Park,Community Park,2801 Riverside Drive,South Bend,Indiana,46616,41.713873929000044,-86.27120318999994,,0,0,0,0,0,0
Plaza Park,Neighborhood Park,400 Columbia Street,South Bend,Indiana,46601,41.67197971100006,-86.24572568399998,,0,0,0,0,0,0
Ponader Park,Neighborhood Park,54054 Maple Lane Avenue,South Bend,Indiana,46635,41.70867075100006,-86.21386387099994,,0,0,0,0,0,0
Potawatomi Park,Community Park,2000 Wall Street,South Bend,Indiana,46615,41.667536510000446,-86.21790959499964,,1,0,0,1,0,0
Potawatomi Zoo,Zoo,500 South Greenlawn Avenue,South Bend,Indiana,46615,41.67127160700045,-86.22077120099965,,0,0,0,0,0,0
Pulaski Park,Neighborhood Park,1308 Huron,South Bend,Indiana,46619,41.670183515000076,-86.27011868599999,,0,2,0,1,0,0
Randolph Mini Park,Neighborhood Park,1809 Randolph Street,South Bend,Indiana,46613,41.65585821800005,-86.22014034999995,,0,0,0,0,0,0
Ravina Park,Block Park,1522 Lebanon St.,South Bend,Indiana,46613,41.65941212900003,-86.23819020199994,,0,0.5,0,0,0,0
River Manor Park,Neighborhood Park,3811 Glenview Dr.,South Bend,Indiana,46628,41.72756648700005,-86.27364228199997,,0,0.5,0,0,2,0
Riverside Park,Neighborhood Park,3840 Riverside Drive,South Bend,Indiana,46628,41.72734727200003,-86.26930036299996,,0,0,0,0,0,0
Rum Village Annex,Community Park,2700 Gertrude St,South Bend,Indiana,46614,41.64682858700007,-86.27311700399997,,0,0,0,0,0,0
Rum Village Park,Community Park,2700 Gertrude St,South Bend,Indiana,46614,41.64682858700007,-86.27311700399997,,0,0,0,0,0,0
Ryer Mini Park,Block Park,1565 Ryer St.,South Bend,Indiana,46628,41.70801127800047,-86.30769577799964,,0,0,0,0,0,0
Seitz Park,Block Park,340 E. Colfax,South Bend,Indiana,46601,41.677774234000026,-86.24976801199995,,0,0,0,0,0,0
Shetterley Park,Block Park,1044 Riverside Drive,South Bend,Indiana,46616,41.68909715900048,-86.25964790099965,,0,0,0,0,0,0
Sorin Mini Park,Block Park,3366 Sorin Street,South Bend,Indiana,46615,41.68463344500003,-86.20077129399994,,0,0,0,0,0,0
Southeast Neighborhood Park,Neighborhood Park,503 Wenger Street,South Bend,Indiana,46601,41.662587544000075,-86.24358121899996,,0,1,0,1,0,0
Studebaker Golf Course,Golf Course,718 Calvert Street,South Bend,Indiana,46613,41.65411663000049,-86.25964338499966,,0,0,0.5,0,0,0
Vassar Park,Neighborhood Park,1100 Sherman Avenue,South Bend,Indiana,46616,41.6894837530005,-86.26493242799967,,0,0,0,0,0,0
Veteran's Memorial Park,Neighborhood Park,1501 Northside Blvd,South Bend,Indiana,46615,41.66026248600008,-86.22534233699997,,1,0,0,0,0,0
Viewing Park,Neighborhood Park,900 Northside Blvd,South Bend,Indiana,46617,41.66749187200048,-86.23634464699967,,0,0,0,0,0,0
Voorde Park,Neighborhood Park,3433 Keller St.,South Bend,Indiana,46628,41.69730839600004,-86.29765393399998,,0,1,0,1,2,0
Walker Field Park,Neighborhood Park,2212 S. Walnut Street,South Bend,Indiana,46613,41.65108868200008,-86.27071853799998,,1,1,0,1,4,0
Westhaven Park,Block Park,1220 Sussex Drive,South Bend,Indiana,46628,41.6904709370005,-86.30599056399967,,0,0,0,0,2,0
Woodlawn Park,Neighborhood Park,2166 Riverside Drive,South Bend,Indiana,46616,41.70574295900008,-86.26795445899995,,0,0,0,0,0,0
